{
  "added_tokens_decoder": {
    "0": {
      "content": "<pad>",
      "lstrip": false,
      "normalized": false,
      "rstrip": false,
      "single_word": false,
      "special": true
    },
    "1": {
      "content": "</s>",
      "lstrip": false,
      "normalized": false,
      "rstrip": false,
      "single_word": false,
      "special": true
    },
    "2": {
      "content": "<unk>",
      "lstrip": false,
      "normalized": false,
      "rstrip": false,
      "single_word": false,
      "special": true
    },
    "36": {
      "content": "Cl",
      "lstrip": false,
      "normalized": true,
      "rstrip": false,
      "single_word": false,
      "special": false
    },
    "121": {
      "content": "<extra_id_0>",
      "lstrip": false,
      "normalized": false,
      "rstrip": false,
      "single_word": false,
      "special": true
    },
    "122": {
      "content": "<extra_id_1>",
      "lstrip": false,
      "normalized": false,
      "rstrip": false,
      "single_word": false,
      "special": true
    },
    "123": {
      "content": "<extra_id_2>",
      "lstrip": false,
      "normalized": false,
      "rstrip": false,
      "single_word": false,
      "special": true
    },
    "124": {
      "content": "<extra_id_3>",
      "lstrip": false,
      "normalized": false,
      "rstrip": false,
      "single_word": false,
      "special": true
    },
    "125": {
      "content": "<extra_id_4>",
      "lstrip": false,
      "normalized": false,
      "rstrip": false,
      "single_word": false,
      "special": true
    },
    "126": {
      "content": "<extra_id_5>",
      "lstrip": false,
      "normalized": false,
      "rstrip": false,
      "single_word": false,
      "special": true
    },
    "127": {
      "content": "<extra_id_6>",
      "lstrip": false,
      "normalized": false,
      "rstrip": false,
      "single_word": false,
      "special": true
    },
    "128": {
      "content": "<extra_id_7>",
      "lstrip": false,
      "normalized": false,
      "rstrip": false,
      "single_word": false,
      "special": true
    },
    "129": {
      "content": "<extra_id_8>",
      "lstrip": false,
      "normalized": false,
      "rstrip": false,
      "single_word": false,
      "special": true
    },
    "130": {
      "content": "<extra_id_9>",
      "lstrip": false,
      "normalized": false,
      "rstrip": false,
      "single_word": false,
      "special": true
    },
    "131": {
      "content": "<extra_id_10>",
      "lstrip": false,
      "normalized": false,
      "rstrip": false,
      "single_word": false,
      "special": true
    },
    "132": {
      "content": "<extra_id_11>",
      "lstrip": false,
      "normalized": false,
      "rstrip": false,
      "single_word": false,
      "special": true
    },
    "133": {
      "content": "<extra_id_12>",
      "lstrip": false,
      "normalized": false,
      "rstrip": false,
      "single_word": false,
      "special": true
    },
    "134": {
      "content": "<extra_id_13>",
      "lstrip": false,
      "normalized": false,
      "rstrip": false,
      "single_word": false,
      "special": true
    },
    "135": {
      "content": "<extra_id_14>",
      "lstrip": false,
      "normalized": false,
      "rstrip": false,
      "single_word": false,
      "special": true
    },
    "136": {
      "content": "<extra_id_15>",
      "lstrip": false,
      "normalized": false,
      "rstrip": false,
      "single_word": false,
      "special": true
    },
    "137": {
      "content": "<extra_id_16>",
      "lstrip": false,
      "normalized": false,
      "rstrip": false,
      "single_word": false,
      "special": true
    },
    "138": {
      "content": "<extra_id_17>",
      "lstrip": false,
      "normalized": false,
      "rstrip": false,
      "single_word": false,
      "special": true
    },
    "139": {
      "content": "<extra_id_18>",
      "lstrip": false,
      "normalized": false,
      "rstrip": false,
      "single_word": false,
      "special": true
    },
    "140": {
      "content": "<extra_id_19>",
      "lstrip": false,
      "normalized": false,
      "rstrip": false,
      "single_word": false,
      "special": true
    },
    "141": {
      "content": "<extra_id_20>",
      "lstrip": false,
      "normalized": false,
      "rstrip": false,
      "single_word": false,
      "special": true
    },
    "142": {
      "content": "<extra_id_21>",
      "lstrip": false,
      "normalized": false,
      "rstrip": false,
      "single_word": false,
      "special": true
    },
    "143": {
      "content": "<extra_id_22>",
      "lstrip": false,
      "normalized": false,
      "rstrip": false,
      "single_word": false,
      "special": true
    },
    "144": {
      "content": "<extra_id_23>",
      "lstrip": false,
      "normalized": false,
      "rstrip": false,
      "single_word": false,
      "special": true
    },
    "145": {
      "content": "<extra_id_24>",
      "lstrip": false,
      "normalized": false,
      "rstrip": false,
      "single_word": false,
      "special": true
    },
    "146": {
      "content": "<extra_id_25>",
      "lstrip": false,
      "normalized": false,
      "rstrip": false,
      "single_word": false,
      "special": true
    },
    "147": {
      "content": "<extra_id_26>",
      "lstrip": false,
      "normalized": false,
      "rstrip": false,
      "single_word": false,
      "special": true
    },
    "148": {
      "content": "<extra_id_27>",
      "lstrip": false,
      "normalized": false,
      "rstrip": false,
      "single_word": false,
      "special": true
    },
    "149": {
      "content": "<extra_id_28>",
      "lstrip": false,
      "normalized": false,
      "rstrip": false,
      "single_word": false,
      "special": true
    },
    "150": {
      "content": "<extra_id_29>",
      "lstrip": false,
      "normalized": false,
      "rstrip": false,
      "single_word": false,
      "special": true
    },
    "151": {
      "content": "<extra_id_30>",
      "lstrip": false,
      "normalized": false,
      "rstrip": false,
      "single_word": false,
      "special": true
    },
    "152": {
      "content": "<extra_id_31>",
      "lstrip": false,
      "normalized": false,
      "rstrip": false,
      "single_word": false,
      "special": true
    },
    "153": {
      "content": "<extra_id_32>",
      "lstrip": false,
      "normalized": false,
      "rstrip": false,
      "single_word": false,
      "special": true
    },
    "154": {
      "content": "<extra_id_33>",
      "lstrip": false,
      "normalized": false,
      "rstrip": false,
      "single_word": false,
      "special": true
    },
    "155": {
      "content": "<extra_id_34>",
      "lstrip": false,
      "normalized": false,
      "rstrip": false,
      "single_word": false,
      "special": true
    },
    "156": {
      "content": "<extra_id_35>",
      "lstrip": false,
      "normalized": false,
      "rstrip": false,
      "single_word": false,
      "special": true
    },
    "157": {
      "content": "<extra_id_36>",
      "lstrip": false,
      "normalized": false,
      "rstrip": false,
      "single_word": false,
      "special": true
    },
    "158": {
      "content": "<extra_id_37>",
      "lstrip": false,
      "normalized": false,
      "rstrip": false,
      "single_word": false,
      "special": true
    },
    "159": {
      "content": "<extra_id_38>",
      "lstrip": false,
      "normalized": false,
      "rstrip": false,
      "single_word": false,
      "special": true
    },
    "160": {
      "content": "<extra_id_39>",
      "lstrip": false,
      "normalized": false,
      "rstrip": false,
      "single_word": false,
      "special": true
    },
    "161": {
      "content": "<extra_id_40>",
      "lstrip": false,
      "normalized": false,
      "rstrip": false,
      "single_word": false,
      "special": true
    },
    "162": {
      "content": "<extra_id_41>",
      "lstrip": false,
      "normalized": false,
      "rstrip": false,
      "single_word": false,
      "special": true
    },
    "163": {
      "content": "<extra_id_42>",
      "lstrip": false,
      "normalized": false,
      "rstrip": false,
      "single_word": false,
      "special": true
    },
    "164": {
      "content": "<extra_id_43>",
      "lstrip": false,
      "normalized": false,
      "rstrip": false,
      "single_word": false,
      "special": true
    },
    "165": {
      "content": "<extra_id_44>",
      "lstrip": false,
      "normalized": false,
      "rstrip": false,
      "single_word": false,
      "special": true
    },
    "166": {
      "content": "<extra_id_45>",
      "lstrip": false,
      "normalized": false,
      "rstrip": false,
      "single_word": false,
      "special": true
    },
    "167": {
      "content": "<extra_id_46>",
      "lstrip": false,
      "normalized": false,
      "rstrip": false,
      "single_word": false,
      "special": true
    },
    "168": {
      "content": "<extra_id_47>",
      "lstrip": false,
      "normalized": false,
      "rstrip": false,
      "single_word": false,
      "special": true
    },
    "169": {
      "content": "<extra_id_48>",
      "lstrip": false,
      "normalized": false,
      "rstrip": false,
      "single_word": false,
      "special": true
    },
    "170": {
      "content": "<extra_id_49>",
      "lstrip": false,
      "normalized": false,
      "rstrip": false,
      "single_word": false,
      "special": true
    },
    "171": {
      "content": "<extra_id_50>",
      "lstrip": false,
      "normalized": false,
      "rstrip": false,
      "single_word": false,
      "special": true
    },
    "172": {
      "content": "<extra_id_51>",
      "lstrip": false,
      "normalized": false,
      "rstrip": false,
      "single_word": false,
      "special": true
    },
    "173": {
      "content": "<extra_id_52>",
      "lstrip": false,
      "normalized": false,
      "rstrip": false,
      "single_word": false,
      "special": true
    },
    "174": {
      "content": "<extra_id_53>",
      "lstrip": false,
      "normalized": false,
      "rstrip": false,
      "single_word": false,
      "special": true
    },
    "175": {
      "content": "<extra_id_54>",
      "lstrip": false,
      "normalized": false,
      "rstrip": false,
      "single_word": false,
      "special": true
    },
    "176": {
      "content": "<extra_id_55>",
      "lstrip": false,
      "normalized": false,
      "rstrip": false,
      "single_word": false,
      "special": true
    },
    "177": {
      "content": "<extra_id_56>",
      "lstrip": false,
      "normalized": false,
      "rstrip": false,
      "single_word": false,
      "special": true
    },
    "178": {
      "content": "<extra_id_57>",
      "lstrip": false,
      "normalized": false,
      "rstrip": false,
      "single_word": false,
      "special": true
    },
    "179": {
      "content": "<extra_id_58>",
      "lstrip": false,
      "normalized": false,
      "rstrip": false,
      "single_word": false,
      "special": true
    },
    "180": {
      "content": "<extra_id_59>",
      "lstrip": false,
      "normalized": false,
      "rstrip": false,
      "single_word": false,
      "special": true
    },
    "181": {
      "content": "<extra_id_60>",
      "lstrip": false,
      "normalized": false,
      "rstrip": false,
      "single_word": false,
      "special": true
    },
    "182": {
      "content": "<extra_id_61>",
      "lstrip": false,
      "normalized": false,
      "rstrip": false,
      "single_word": false,
      "special": true
    },
    "183": {
      "content": "<extra_id_62>",
      "lstrip": false,
      "normalized": false,
      "rstrip": false,
      "single_word": false,
      "special": true
    },
    "184": {
      "content": "<extra_id_63>",
      "lstrip": false,
      "normalized": false,
      "rstrip": false,
      "single_word": false,
      "special": true
    },
    "185": {
      "content": "<extra_id_64>",
      "lstrip": false,
      "normalized": false,
      "rstrip": false,
      "single_word": false,
      "special": true
    },
    "186": {
      "content": "<extra_id_65>",
      "lstrip": false,
      "normalized": false,
      "rstrip": false,
      "single_word": false,
      "special": true
    },
    "187": {
      "content": "<extra_id_66>",
      "lstrip": false,
      "normalized": false,
      "rstrip": false,
      "single_word": false,
      "special": true
    },
    "188": {
      "content": "<extra_id_67>",
      "lstrip": false,
      "normalized": false,
      "rstrip": false,
      "single_word": false,
      "special": true
    },
    "189": {
      "content": "<extra_id_68>",
      "lstrip": false,
      "normalized": false,
      "rstrip": false,
      "single_word": false,
      "special": true
    },
    "190": {
      "content": "<extra_id_69>",
      "lstrip": false,
      "normalized": false,
      "rstrip": false,
      "single_word": false,
      "special": true
    },
    "191": {
      "content": "<extra_id_70>",
      "lstrip": false,
      "normalized": false,
      "rstrip": false,
      "single_word": false,
      "special": true
    },
    "192": {
      "content": "<extra_id_71>",
      "lstrip": false,
      "normalized": false,
      "rstrip": false,
      "single_word": false,
      "special": true
    },
    "193": {
      "content": "<extra_id_72>",
      "lstrip": false,
      "normalized": false,
      "rstrip": false,
      "single_word": false,
      "special": true
    },
    "194": {
      "content": "<extra_id_73>",
      "lstrip": false,
      "normalized": false,
      "rstrip": false,
      "single_word": false,
      "special": true
    },
    "195": {
      "content": "<extra_id_74>",
      "lstrip": false,
      "normalized": false,
      "rstrip": false,
      "single_word": false,
      "special": true
    },
    "196": {
      "content": "<extra_id_75>",
      "lstrip": false,
      "normalized": false,
      "rstrip": false,
      "single_word": false,
      "special": true
    },
    "197": {
      "content": "<extra_id_76>",
      "lstrip": false,
      "normalized": false,
      "rstrip": false,
      "single_word": false,
      "special": true
    },
    "198": {
      "content": "<extra_id_77>",
      "lstrip": false,
      "normalized": false,
      "rstrip": false,
      "single_word": false,
      "special": true
    },
    "199": {
      "content": "<extra_id_78>",
      "lstrip": false,
      "normalized": false,
      "rstrip": false,
      "single_word": false,
      "special": true
    },
    "200": {
      "content": "<extra_id_79>",
      "lstrip": false,
      "normalized": false,
      "rstrip": false,
      "single_word": false,
      "special": true
    },
    "201": {
      "content": "<extra_id_80>",
      "lstrip": false,
      "normalized": false,
      "rstrip": false,
      "single_word": false,
      "special": true
    },
    "202": {
      "content": "<extra_id_81>",
      "lstrip": false,
      "normalized": false,
      "rstrip": false,
      "single_word": false,
      "special": true
    },
    "203": {
      "content": "<extra_id_82>",
      "lstrip": false,
      "normalized": false,
      "rstrip": false,
      "single_word": false,
      "special": true
    },
    "204": {
      "content": "<extra_id_83>",
      "lstrip": false,
      "normalized": false,
      "rstrip": false,
      "single_word": false,
      "special": true
    },
    "205": {
      "content": "<extra_id_84>",
      "lstrip": false,
      "normalized": false,
      "rstrip": false,
      "single_word": false,
      "special": true
    },
    "206": {
      "content": "<extra_id_85>",
      "lstrip": false,
      "normalized": false,
      "rstrip": false,
      "single_word": false,
      "special": true
    },
    "207": {
      "content": "<extra_id_86>",
      "lstrip": false,
      "normalized": false,
      "rstrip": false,
      "single_word": false,
      "special": true
    },
    "208": {
      "content": "<extra_id_87>",
      "lstrip": false,
      "normalized": false,
      "rstrip": false,
      "single_word": false,
      "special": true
    },
    "209": {
      "content": "<extra_id_88>",
      "lstrip": false,
      "normalized": false,
      "rstrip": false,
      "single_word": false,
      "special": true
    },
    "210": {
      "content": "<extra_id_89>",
      "lstrip": false,
      "normalized": false,
      "rstrip": false,
      "single_word": false,
      "special": true
    },
    "211": {
      "content": "<extra_id_90>",
      "lstrip": false,
      "normalized": false,
      "rstrip": false,
      "single_word": false,
      "special": true
    },
    "212": {
      "content": "<extra_id_91>",
      "lstrip": false,
      "normalized": false,
      "rstrip": false,
      "single_word": false,
      "special": true
    },
    "213": {
      "content": "<extra_id_92>",
      "lstrip": false,
      "normalized": false,
      "rstrip": false,
      "single_word": false,
      "special": true
    },
    "214": {
      "content": "<extra_id_93>",
      "lstrip": false,
      "normalized": false,
      "rstrip": false,
      "single_word": false,
      "special": true
    },
    "215": {
      "content": "<extra_id_94>",
      "lstrip": false,
      "normalized": false,
      "rstrip": false,
      "single_word": false,
      "special": true
    },
    "216": {
      "content": "<extra_id_95>",
      "lstrip": false,
      "normalized": false,
      "rstrip": false,
      "single_word": false,
      "special": true
    },
    "217": {
      "content": "<extra_id_96>",
      "lstrip": false,
      "normalized": false,
      "rstrip": false,
      "single_word": false,
      "special": true
    },
    "218": {
      "content": "<extra_id_97>",
      "lstrip": false,
      "normalized": false,
      "rstrip": false,
      "single_word": false,
      "special": true
    },
    "219": {
      "content": "<extra_id_98>",
      "lstrip": false,
      "normalized": false,
      "rstrip": false,
      "single_word": false,
      "special": true
    },
    "220": {
      "content": "<extra_id_99>",
      "lstrip": false,
      "normalized": false,
      "rstrip": false,
      "single_word": false,
      "special": true
    },
    "221": {
      "content": ".",
      "lstrip": false,
      "normalized": true,
      "rstrip": false,
      "single_word": false,
      "special": false
    },
    "222": {
      "content": "6",
      "lstrip": false,
      "normalized": true,
      "rstrip": false,
      "single_word": false,
      "special": false
    },
    "223": {
      "content": "7",
      "lstrip": false,
      "normalized": true,
      "rstrip": false,
      "single_word": false,
      "special": false
    },
    "224": {
      "content": "8",
      "lstrip": false,
      "normalized": true,
      "rstrip": false,
      "single_word": false,
      "special": false
    },
    "225": {
      "content": "<",
      "lstrip": false,
      "normalized": true,
      "rstrip": false,
      "single_word": false,
      "special": false
    },
    "226": {
      "content": ">",
      "lstrip": false,
      "normalized": true,
      "rstrip": false,
      "single_word": false,
      "special": false
    },
    "227": {
      "content": "Ag",
      "lstrip": false,
      "normalized": true,
      "rstrip": false,
      "single_word": false,
      "special": false
    },
    "228": {
      "content": "Al",
      "lstrip": false,
      "normalized": true,
      "rstrip": false,
      "single_word": false,
      "special": false
    },
    "229": {
      "content": "Ar",
      "lstrip": false,
      "normalized": true,
      "rstrip": false,
      "single_word": false,
      "special": false
    },
    "230": {
      "content": "As",
      "lstrip": false,
      "normalized": true,
      "rstrip": false,
      "single_word": false,
      "special": false
    },
    "231": {
      "content": "Au",
      "lstrip": false,
      "normalized": true,
      "rstrip": false,
      "single_word": false,
      "special": false
    },
    "232": {
      "content": "Ba",
      "lstrip": false,
      "normalized": true,
      "rstrip": false,
      "single_word": false,
      "special": false
    },
    "233": {
      "content": "Bi",
      "lstrip": false,
      "normalized": true,
      "rstrip": false,
      "single_word": false,
      "special": false
    },
    "234": {
      "content": "Ca",
      "lstrip": false,
      "normalized": true,
      "rstrip": false,
      "single_word": false,
      "special": false
    },
    "235": {
      "content": "Cu",
      "lstrip": false,
      "normalized": true,
      "rstrip": false,
      "single_word": false,
      "special": false
    },
    "236": {
      "content": "Fe",
      "lstrip": false,
      "normalized": true,
      "rstrip": false,
      "single_word": false,
      "special": false
    },
    "237": {
      "content": "Ge",
      "lstrip": false,
      "normalized": true,
      "rstrip": false,
      "single_word": false,
      "special": false
    },
    "238": {
      "content": "Hg",
      "lstrip": false,
      "normalized": true,
      "rstrip": false,
      "single_word": false,
      "special": false
    },
    "239": {
      "content": "K",
      "lstrip": false,
      "normalized": true,
      "rstrip": false,
      "single_word": false,
      "special": false
    },
    "240": {
      "content": "Li",
      "lstrip": false,
      "normalized": true,
      "rstrip": false,
      "single_word": false,
      "special": false
    },
    "241": {
      "content": "Mg",
      "lstrip": false,
      "normalized": true,
      "rstrip": false,
      "single_word": false,
      "special": false
    },
    "242": {
      "content": "Mn",
      "lstrip": false,
      "normalized": true,
      "rstrip": false,
      "single_word": false,
      "special": false
    },
    "243": {
      "content": "Mo",
      "lstrip": false,
      "normalized": true,
      "rstrip": false,
      "single_word": false,
      "special": false
    },
    "244": {
      "content": "Na",
      "lstrip": false,
      "normalized": true,
      "rstrip": false,
      "single_word": false,
      "special": false
    },
    "245": {
      "content": "Nd",
      "lstrip": false,
      "normalized": true,
      "rstrip": false,
      "single_word": false,
      "special": false
    },
    "246": {
      "content": "Ni",
      "lstrip": false,
      "normalized": true,
      "rstrip": false,
      "single_word": false,
      "special": false
    },
    "247": {
      "content": "P",
      "lstrip": false,
      "normalized": true,
      "rstrip": false,
      "single_word": false,
      "special": false
    },
    "248": {
      "content": "Pb",
      "lstrip": false,
      "normalized": true,
      "rstrip": false,
      "single_word": false,
      "special": false
    },
    "249": {
      "content": "Pd",
      "lstrip": false,
      "normalized": true,
      "rstrip": false,
      "single_word": false,
      "special": false
    },
    "250": {
      "content": "Pt",
      "lstrip": false,
      "normalized": true,
      "rstrip": false,
      "single_word": false,
      "special": false
    },
    "251": {
      "content": "Re",
      "lstrip": false,
      "normalized": true,
      "rstrip": false,
      "single_word": false,
      "special": false
    },
    "252": {
      "content": "Rh",
      "lstrip": false,
      "normalized": true,
      "rstrip": false,
      "single_word": false,
      "special": false
    },
    "253": {
      "content": "Ru",
      "lstrip": false,
      "normalized": true,
      "rstrip": false,
      "single_word": false,
      "special": false
    },
    "254": {
      "content": "Sb",
      "lstrip": false,
      "normalized": true,
      "rstrip": false,
      "single_word": false,
      "special": false
    },
    "255": {
      "content": "Si",
      "lstrip": false,
      "normalized": true,
      "rstrip": false,
      "single_word": false,
      "special": false
    },
    "256": {
      "content": "Sm",
      "lstrip": false,
      "normalized": true,
      "rstrip": false,
      "single_word": false,
      "special": false
    },
    "257": {
      "content": "Ta",
      "lstrip": false,
      "normalized": true,
      "rstrip": false,
      "single_word": false,
      "special": false
    },
    "258": {
      "content": "Ti",
      "lstrip": false,
      "normalized": true,
      "rstrip": false,
      "single_word": false,
      "special": false
    },
    "259": {
      "content": "Tl",
      "lstrip": false,
      "normalized": true,
      "rstrip": false,
      "single_word": false,
      "special": false
    },
    "260": {
      "content": "W",
      "lstrip": false,
      "normalized": true,
      "rstrip": false,
      "single_word": false,
      "special": false
    },
    "261": {
      "content": "Yb",
      "lstrip": false,
      "normalized": true,
      "rstrip": false,
      "single_word": false,
      "special": false
    },
    "262": {
      "content": "Zn",
      "lstrip": false,
      "normalized": true,
      "rstrip": false,
      "single_word": false,
      "special": false
    },
    "263": {
      "content": "Zr",
      "lstrip": false,
      "normalized": true,
      "rstrip": false,
      "single_word": false,
      "special": false
    },
    "264": {
      "content": "e",
      "lstrip": false,
      "normalized": true,
      "rstrip": false,
      "single_word": false,
      "special": false
    },
    "265": {
      "content": "p",
      "lstrip": false,
      "normalized": true,
      "rstrip": false,
      "single_word": false,
      "special": false
    },
    "266": {
      "content": "REACTANT:",
      "lstrip": false,
      "normalized": false,
      "rstrip": false,
      "single_word": false,
      "special": true
    },
    "267": {
      "content": "REAGENT:",
      "lstrip": false,
      "normalized": false,
      "rstrip": false,
      "single_word": false,
      "special": true
    }
  },
  "additional_special_tokens": [
    "<extra_id_0>",
    "<extra_id_1>",
    "<extra_id_2>",
    "<extra_id_3>",
    "<extra_id_4>",
    "<extra_id_5>",
    "<extra_id_6>",
    "<extra_id_7>",
    "<extra_id_8>",
    "<extra_id_9>",
    "<extra_id_10>",
    "<extra_id_11>",
    "<extra_id_12>",
    "<extra_id_13>",
    "<extra_id_14>",
    "<extra_id_15>",
    "<extra_id_16>",
    "<extra_id_17>",
    "<extra_id_18>",
    "<extra_id_19>",
    "<extra_id_20>",
    "<extra_id_21>",
    "<extra_id_22>",
    "<extra_id_23>",
    "<extra_id_24>",
    "<extra_id_25>",
    "<extra_id_26>",
    "<extra_id_27>",
    "<extra_id_28>",
    "<extra_id_29>",
    "<extra_id_30>",
    "<extra_id_31>",
    "<extra_id_32>",
    "<extra_id_33>",
    "<extra_id_34>",
    "<extra_id_35>",
    "<extra_id_36>",
    "<extra_id_37>",
    "<extra_id_38>",
    "<extra_id_39>",
    "<extra_id_40>",
    "<extra_id_41>",
    "<extra_id_42>",
    "<extra_id_43>",
    "<extra_id_44>",
    "<extra_id_45>",
    "<extra_id_46>",
    "<extra_id_47>",
    "<extra_id_48>",
    "<extra_id_49>",
    "<extra_id_50>",
    "<extra_id_51>",
    "<extra_id_52>",
    "<extra_id_53>",
    "<extra_id_54>",
    "<extra_id_55>",
    "<extra_id_56>",
    "<extra_id_57>",
    "<extra_id_58>",
    "<extra_id_59>",
    "<extra_id_60>",
    "<extra_id_61>",
    "<extra_id_62>",
    "<extra_id_63>",
    "<extra_id_64>",
    "<extra_id_65>",
    "<extra_id_66>",
    "<extra_id_67>",
    "<extra_id_68>",
    "<extra_id_69>",
    "<extra_id_70>",
    "<extra_id_71>",
    "<extra_id_72>",
    "<extra_id_73>",
    "<extra_id_74>",
    "<extra_id_75>",
    "<extra_id_76>",
    "<extra_id_77>",
    "<extra_id_78>",
    "<extra_id_79>",
    "<extra_id_80>",
    "<extra_id_81>",
    "<extra_id_82>",
    "<extra_id_83>",
    "<extra_id_84>",
    "<extra_id_85>",
    "<extra_id_86>",
    "<extra_id_87>",
    "<extra_id_88>",
    "<extra_id_89>",
    "<extra_id_90>",
    "<extra_id_91>",
    "<extra_id_92>",
    "<extra_id_93>",
    "<extra_id_94>",
    "<extra_id_95>",
    "<extra_id_96>",
    "<extra_id_97>",
    "<extra_id_98>",
    "<extra_id_99>",
    "REACTANT:",
    "REAGENT:"
  ],
  "clean_up_tokenization_spaces": true,
  "eos_token": "</s>",
  "extra_ids": 100,
  "extra_special_tokens": {},
  "max_length": 150,
  "model_max_length": 1000000000000000019884624838656,
  "pad_token": "<pad>",
  "return_tensors": "pt",
  "stride": 0,
  "tokenizer_class": "T5Tokenizer",
  "truncation_side": "right",
  "truncation_strategy": "longest_first",
  "unk_token": "<unk>"
}
